año,cuatrimestre,periodo,comuna,num_estaciones,codigos_estacion,estaciones_nombres,pm25_promedio_ug_m3,pm25_mediana_ug_m3,pm25_maximo_ug_m3,pm25_p95_ug_m3,horas_validas_total,categoria_oms,cantidad_arboles_totales,cantidad_arboles_mitigadores_pm25,ratio_mitigadores_pct,especies_mitigadoras_presentes
2023,T1_Ene-Abr,2023_T1_Ene-Abr,Belén,1,MED-ALTA,I.E. Pedro Octavio Amado,22.81,22.16,110.98,40.15,2802,Moderada,3259,101,3.1,"Carbonero flor roja, carbonero, clavellino | Casco de vaca, pata de vaca, pata de buey | Guamo macheto, guamo, guamo machete | Pino colombiano, pino chaquiro, chaquiro, pino, pino de montaña, pino romerón | Suribio, chíparo, achil, payandé, playero"
2023,T1_Ene-Abr,2023_T1_Ene-Abr,Castilla,1,MED-FISC,Fiscalía General de la Nación,22.16,21.0,70.0,40.0,2811,Moderada,3077,62,2.01,"Casco de vaca, pata de vaca, pata de buey | Guamo macheto, guamo, guamo machete | Pino colombiano, pino chaquiro, chaquiro, pino, pino de montaña, pino romerón | Suribio, chíparo, achil, payandé, playero"
2023,T1_Ene-Abr,2023_T1_Ene-Abr,Corregimiento de San Cristóbal,1,MED-SCRI,Parque Biblioteca Fernando Botero,20.03,19.36,70.09,35.21,2669,Moderada,3942,155,3.93,"Casco de vaca, pata de vaca, pata de buey | Pino colombiano, pino chaquiro, chaquiro, pino, pino de montaña, pino romerón | Suribio, chíparo, achil, payandé, playero"
2023,T1_Ene-Abr,2023_T1_Ene-Abr,Corregimiento de Santa Elena,2,MED-LAYE | MED-SELE,Medellín - Santa Elena | Tanques La Ye EPM,15.32,13.7,75.0,32.69,5410,Moderada,4093,219,5.35,"Carbonero flor roja, carbonero, clavellino | Pino colombiano, pino chaquiro, chaquiro, pino, pino de montaña, pino romerón"
2023,T1_Ene-Abr,2023_T1_Ene-Abr,El Poblado,1,MED-TESO,I.E. INEM sede Santa Catalina,18.18,16.91,93.82,34.78,2768,Moderada,2209,42,1.9,"Casco de vaca, pata de vaca, pata de buey | Pino colombiano, pino chaquiro, chaquiro, pino, pino de montaña, pino romerón | Suribio, chíparo, achil, payandé, playero"
2023,T1_Ene-Abr,2023_T1_Ene-Abr,La América,1,MED-BEME,I.E. Pedro Justo Berrío,21.28,19.54,70.81,41.28,2805,Moderada,2588,140,5.41,"Carbonero flor roja, carbonero, clavellino | Casco de vaca, pata de vaca, pata de buey | Pino colombiano, pino chaquiro, chaquiro, pino, pino de montaña, pino romerón | Suribio, chíparo, achil, payandé, playero"
2023,T1_Ene-Abr,2023_T1_Ene-Abr,La Candelaria,1,CEN-TRAF,Estación Tráfico Centro,26.8,25.0,93.0,48.0,2807,Dañina sensibles,7294,320,4.39,"Carbonero flor roja, carbonero, clavellino | Casco de vaca, pata de vaca, pata de buey | Suribio, chíparo, achil, payandé, playero"
2023,T1_Ene-Abr,2023_T1_Ene-Abr,Robledo,1,MED-PBLQ,Tomás Carrasquilla - La Quintana,19.38,18.0,135.0,37.0,2860,Moderada,4398,154,3.5,"Carbonero flor roja, carbonero, clavellino | Casco de vaca, pata de vaca, pata de buey | Pino colombiano, pino chaquiro, chaquiro, pino, pino de montaña, pino romerón | Suribio, chíparo, achil, payandé, playero"
2023,T1_Ene-Abr,2023_T1_Ene-Abr,Santa Cruz,1,MED-ARAN,I.E. Ciro Mendía,20.92,19.84,138.31,38.12,2820,Moderada,4343,118,2.72,"Carbonero flor roja, carbonero, clavellino | Casco de vaca, pata de vaca, pata de buey | Pino colombiano, pino chaquiro, chaquiro, pino, pino de montaña, pino romerón | Suribio, chíparo, achil, payandé, playero"
2023,T1_Ene-Abr,2023_T1_Ene-Abr,Villa Hermosa,1,MED-VILL,Planta de agua potable de EPM,20.45,19.06,144.6,38.2,2722,Moderada,3615,118,3.26,"Casco de vaca, pata de vaca, pata de buey | Guamo macheto, guamo, guamo machete | Pino colombiano, pino chaquiro, chaquiro, pino, pino de montaña, pino romerón | Suribio, chíparo, achil, payandé, playero"
2023,T2_May-Ago,2023_T2_May-Ago,Belén,1,MED-ALTA,I.E. Pedro Octavio Amado,16.48,15.57,50.37,31.61,2772,Moderada,3259,101,3.1,"Carbonero flor roja, carbonero, clavellino | Casco de vaca, pata de vaca, pata de buey | Guamo macheto, guamo, guamo machete | Pino colombiano, pino chaquiro, chaquiro, pino, pino de montaña, pino romerón | Suribio, chíparo, achil, payandé, playero"
2023,T2_May-Ago,2023_T2_May-Ago,Castilla,1,MED-FISC,Fiscalía General de la Nación,19.28,18.0,76.0,37.0,2652,Moderada,3077,62,2.01,"Casco de vaca, pata de vaca, pata de buey | Guamo macheto, guamo, guamo machete | Pino colombiano, pino chaquiro, chaquiro, pino, pino de montaña, pino romerón | Suribio, chíparo, achil, payandé, playero"
2023,T2_May-Ago,2023_T2_May-Ago,Corregimiento de San Cristóbal,1,MED-SCRI,Parque Biblioteca Fernando Botero,13.95,13.32,49.84,26.53,2799,Aceptable,3942,155,3.93,"Casco de vaca, pata de vaca, pata de buey | Pino colombiano, pino chaquiro, chaquiro, pino, pino de montaña, pino romerón | Suribio, chíparo, achil, payandé, playero"
2023,T2_May-Ago,2023_T2_May-Ago,Corregimiento de Santa Elena,2,MED-LAYE | MED-SELE,Medellín - Santa Elena | Tanques La Ye EPM,11.38,10.0,73.0,24.22,5540,Aceptable,4093,219,5.35,"Carbonero flor roja, carbonero, clavellino | Pino colombiano, pino chaquiro, chaquiro, pino, pino de montaña, pino romerón"
2023,T2_May-Ago,2023_T2_May-Ago,El Poblado,1,MED-TESO,I.E. INEM sede Santa Catalina,14.13,13.19,54.93,28.87,2646,Aceptable,2209,42,1.9,"Casco de vaca, pata de vaca, pata de buey | Pino colombiano, pino chaquiro, chaquiro, pino, pino de montaña, pino romerón | Suribio, chíparo, achil, payandé, playero"
2023,T2_May-Ago,2023_T2_May-Ago,La América,1,MED-BEME,I.E. Pedro Justo Berrío,17.6,16.61,61.91,36.81,2755,Moderada,2588,140,5.41,"Carbonero flor roja, carbonero, clavellino | Casco de vaca, pata de vaca, pata de buey | Pino colombiano, pino chaquiro, chaquiro, pino, pino de montaña, pino romerón | Suribio, chíparo, achil, payandé, playero"
2023,T2_May-Ago,2023_T2_May-Ago,La Candelaria,1,CEN-TRAF,Estación Tráfico Centro,20.52,19.0,68.0,38.0,2761,Moderada,7294,320,4.39,"Carbonero flor roja, carbonero, clavellino | Casco de vaca, pata de vaca, pata de buey | Suribio, chíparo, achil, payandé, playero"
2023,T2_May-Ago,2023_T2_May-Ago,Robledo,1,MED-PBLQ,Tomás Carrasquilla - La Quintana,13.56,12.0,75.0,28.0,2853,Aceptable,4398,154,3.5,"Carbonero flor roja, carbonero, clavellino | Casco de vaca, pata de vaca, pata de buey | Pino colombiano, pino chaquiro, chaquiro, pino, pino de montaña, pino romerón | Suribio, chíparo, achil, payandé, playero"
2023,T2_May-Ago,2023_T2_May-Ago,Santa Cruz,1,MED-ARAN,I.E. Ciro Mendía,14.6,14.02,52.7,28.17,2734,Aceptable,4343,118,2.72,"Carbonero flor roja, carbonero, clavellino | Casco de vaca, pata de vaca, pata de buey | Pino colombiano, pino chaquiro, chaquiro, pino, pino de montaña, pino romerón | Suribio, chíparo, achil, payandé, playero"
2023,T2_May-Ago,2023_T2_May-Ago,Villa Hermosa,1,MED-VILL,Planta de agua potable de EPM,12.79,11.89,58.26,26.45,2626,Aceptable,3615,118,3.26,"Casco de vaca, pata de vaca, pata de buey | Guamo macheto, guamo, guamo machete | Pino colombiano, pino chaquiro, chaquiro, pino, pino de montaña, pino romerón | Suribio, chíparo, achil, payandé, playero"
2023,T3_Sep-Dic,2023_T3_Sep-Dic,Belén,1,MED-ALTA,I.E. Pedro Octavio Amado,19.58,18.85,70.36,37.26,2647,Moderada,3259,101,3.1,"Carbonero flor roja, carbonero, clavellino | Casco de vaca, pata de vaca, pata de buey | Guamo macheto, guamo, guamo machete | Pino colombiano, pino chaquiro, chaquiro, pino, pino de montaña, pino romerón | Suribio, chíparo, achil, payandé, playero"
2023,T3_Sep-Dic,2023_T3_Sep-Dic,Castilla,1,MED-FISC,Fiscalía General de la Nación,18.94,18.0,57.0,38.0,2793,Moderada,3077,62,2.01,"Casco de vaca, pata de vaca, pata de buey | Guamo macheto, guamo, guamo machete | Pino colombiano, pino chaquiro, chaquiro, pino, pino de montaña, pino romerón | Suribio, chíparo, achil, payandé, playero"
2023,T3_Sep-Dic,2023_T3_Sep-Dic,Corregimiento de San Cristóbal,1,MED-SCRI,Parque Biblioteca Fernando Botero,16.77,15.8,65.96,31.84,2812,Moderada,3942,155,3.93,"Casco de vaca, pata de vaca, pata de buey | Pino colombiano, pino chaquiro, chaquiro, pino, pino de montaña, pino romerón | Suribio, chíparo, achil, payandé, playero"
2023,T3_Sep-Dic,2023_T3_Sep-Dic,Corregimiento de Santa Elena,2,MED-LAYE | MED-SELE,Medellín - Santa Elena | Tanques La Ye EPM,12.24,11.1,57.0,24.54,5384,Aceptable,4093,219,5.35,"Carbonero flor roja, carbonero, clavellino | Pino colombiano, pino chaquiro, chaquiro, pino, pino de montaña, pino romerón"
2023,T3_Sep-Dic,2023_T3_Sep-Dic,El Poblado,1,MED-TESO,I.E. INEM sede Santa Catalina,18.85,18.05,65.81,35.89,2729,Moderada,2209,42,1.9,"Casco de vaca, pata de vaca, pata de buey | Pino colombiano, pino chaquiro, chaquiro, pino, pino de montaña, pino romerón | Suribio, chíparo, achil, payandé, playero"
2023,T3_Sep-Dic,2023_T3_Sep-Dic,Guayabal,1,MED-PROV,Almacén General de EPM,17.37,16.0,79.0,34.0,2017,Moderada,4123,81,1.96,"Carbonero flor roja, carbonero, clavellino | Casco de vaca, pata de vaca, pata de buey | Guamo macheto, guamo, guamo machete | Suribio, chíparo, achil, payandé, playero"
2023,T3_Sep-Dic,2023_T3_Sep-Dic,La América,1,MED-BEME,I.E. Pedro Justo Berrío,19.55,18.01,111.6,39.65,2843,Moderada,2588,140,5.41,"Carbonero flor roja, carbonero, clavellino | Casco de vaca, pata de vaca, pata de buey | Pino colombiano, pino chaquiro, chaquiro, pino, pino de montaña, pino romerón | Suribio, chíparo, achil, payandé, playero"
2023,T3_Sep-Dic,2023_T3_Sep-Dic,La Candelaria,1,CEN-TRAF,Estación Tráfico Centro,22.86,22.0,65.0,40.0,2771,Moderada,7294,320,4.39,"Carbonero flor roja, carbonero, clavellino | Casco de vaca, pata de vaca, pata de buey | Suribio, chíparo, achil, payandé, playero"
2023,T3_Sep-Dic,2023_T3_Sep-Dic,Robledo,1,MED-PBLQ,Tomás Carrasquilla - La Quintana,15.55,14.0,83.0,31.0,2885,Moderada,4398,154,3.5,"Carbonero flor roja, carbonero, clavellino | Casco de vaca, pata de vaca, pata de buey | Pino colombiano, pino chaquiro, chaquiro, pino, pino de montaña, pino romerón | Suribio, chíparo, achil, payandé, playero"
2023,T3_Sep-Dic,2023_T3_Sep-Dic,Santa Cruz,1,MED-ARAN,I.E. Ciro Mendía,17.44,16.55,76.39,31.94,2682,Moderada,4343,118,2.72,"Carbonero flor roja, carbonero, clavellino | Casco de vaca, pata de vaca, pata de buey | Pino colombiano, pino chaquiro, chaquiro, pino, pino de montaña, pino romerón | Suribio, chíparo, achil, payandé, playero"
2023,T3_Sep-Dic,2023_T3_Sep-Dic,Villa Hermosa,1,MED-VILL,Planta de agua potable de EPM,15.44,14.5,70.58,28.89,2725,Moderada,3615,118,3.26,"Casco de vaca, pata de vaca, pata de buey | Guamo macheto, guamo, guamo machete | Pino colombiano, pino chaquiro, chaquiro, pino, pino de montaña, pino romerón | Suribio, chíparo, achil, payandé, playero"
2024,T1_Ene-Abr,2024_T1_Ene-Abr,Belén,1,MED-ALTA,I.E. Pedro Octavio Amado,27.64,26.84,78.98,51.26,2755,Dañina sensibles,3259,101,3.1,"Carbonero flor roja, carbonero, clavellino | Casco de vaca, pata de vaca, pata de buey | Guamo macheto, guamo, guamo machete | Pino colombiano, pino chaquiro, chaquiro, pino, pino de montaña, pino romerón | Suribio, chíparo, achil, payandé, playero"
2024,T1_Ene-Abr,2024_T1_Ene-Abr,Castilla,1,MED-FISC,Fiscalía General de la Nación,23.83,23.0,74.0,43.0,2842,Moderada,3077,62,2.01,"Casco de vaca, pata de vaca, pata de buey | Guamo macheto, guamo, guamo machete | Pino colombiano, pino chaquiro, chaquiro, pino, pino de montaña, pino romerón | Suribio, chíparo, achil, payandé, playero"
2024,T1_Ene-Abr,2024_T1_Ene-Abr,Corregimiento de San Cristóbal,1,MED-SCRI,Parque Biblioteca Fernando Botero,22.13,21.34,89.31,39.81,2732,Moderada,3942,155,3.93,"Casco de vaca, pata de vaca, pata de buey | Pino colombiano, pino chaquiro, chaquiro, pino, pino de montaña, pino romerón | Suribio, chíparo, achil, payandé, playero"
2024,T1_Ene-Abr,2024_T1_Ene-Abr,Corregimiento de Santa Elena,2,MED-LAYE | MED-SELE,Medellín - Santa Elena | Tanques La Ye EPM,19.16,17.84,88.86,37.16,4826,Moderada,4093,219,5.35,"Carbonero flor roja, carbonero, clavellino | Pino colombiano, pino chaquiro, chaquiro, pino, pino de montaña, pino romerón"
2024,T1_Ene-Abr,2024_T1_Ene-Abr,El Poblado,2,MED-CES | MED-TESO,I.E. INEM sede Santa Catalina | Universidad CES,21.34,20.08,231.88,41.7,3150,Moderada,2209,42,1.9,"Casco de vaca, pata de vaca, pata de buey | Pino colombiano, pino chaquiro, chaquiro, pino, pino de montaña, pino romerón | Suribio, chíparo, achil, payandé, playero"
2024,T1_Ene-Abr,2024_T1_Ene-Abr,Guayabal,1,MED-PROV,Almacén General de EPM,22.24,21.0,65.0,42.0,2774,Moderada,4123,81,1.96,"Carbonero flor roja, carbonero, clavellino | Casco de vaca, pata de vaca, pata de buey | Guamo macheto, guamo, guamo machete | Suribio, chíparo, achil, payandé, playero"
2024,T1_Ene-Abr,2024_T1_Ene-Abr,La América,1,MED-BEME,I.E. Pedro Justo Berrío,25.94,24.87,112.51,48.04,2790,Dañina sensibles,2588,140,5.41,"Carbonero flor roja, carbonero, clavellino | Casco de vaca, pata de vaca, pata de buey | Pino colombiano, pino chaquiro, chaquiro, pino, pino de montaña, pino romerón | Suribio, chíparo, achil, payandé, playero"
2024,T1_Ene-Abr,2024_T1_Ene-Abr,La Candelaria,1,CEN-TRAF,Estación Tráfico Centro,35.69,35.0,96.0,59.0,2520,Dañina general,7294,320,4.39,"Carbonero flor roja, carbonero, clavellino | Casco de vaca, pata de vaca, pata de buey | Suribio, chíparo, achil, payandé, playero"
2024,T1_Ene-Abr,2024_T1_Ene-Abr,Robledo,1,MED-PBLQ,Tomás Carrasquilla - La Quintana,23.18,22.0,129.0,42.0,2881,Moderada,4398,154,3.5,"Carbonero flor roja, carbonero, clavellino | Casco de vaca, pata de vaca, pata de buey | Pino colombiano, pino chaquiro, chaquiro, pino, pino de montaña, pino romerón | Suribio, chíparo, achil, payandé, playero"
2024,T1_Ene-Abr,2024_T1_Ene-Abr,Santa Cruz,1,MED-ARAN,I.E. Ciro Mendía,25.27,24.26,140.09,44.08,2810,Dañina sensibles,4343,118,2.72,"Carbonero flor roja, carbonero, clavellino | Casco de vaca, pata de vaca, pata de buey | Pino colombiano, pino chaquiro, chaquiro, pino, pino de montaña, pino romerón | Suribio, chíparo, achil, payandé, playero"
2024,T1_Ene-Abr,2024_T1_Ene-Abr,Villa Hermosa,1,MED-VILL,Planta de agua potable de EPM,22.48,21.39,67.35,41.82,2765,Moderada,3615,118,3.26,"Casco de vaca, pata de vaca, pata de buey | Guamo macheto, guamo, guamo machete | Pino colombiano, pino chaquiro, chaquiro, pino, pino de montaña, pino romerón | Suribio, chíparo, achil, payandé, playero"
2024,T2_May-Ago,2024_T2_May-Ago,Belén,1,MED-ALTA,I.E. Pedro Octavio Amado,19.33,18.46,64.47,36.34,2549,Moderada,3259,101,3.1,"Carbonero flor roja, carbonero, clavellino | Casco de vaca, pata de vaca, pata de buey | Guamo macheto, guamo, guamo machete | Pino colombiano, pino chaquiro, chaquiro, pino, pino de montaña, pino romerón | Suribio, chíparo, achil, payandé, playero"
2024,T2_May-Ago,2024_T2_May-Ago,Castilla,1,MED-FISC,Fiscalía General de la Nación,15.84,15.0,58.0,30.0,2797,Moderada,3077,62,2.01,"Casco de vaca, pata de vaca, pata de buey | Guamo macheto, guamo, guamo machete | Pino colombiano, pino chaquiro, chaquiro, pino, pino de montaña, pino romerón | Suribio, chíparo, achil, payandé, playero"
2024,T2_May-Ago,2024_T2_May-Ago,Corregimiento de San Cristóbal,1,MED-SCRI,Parque Biblioteca Fernando Botero,12.79,12.12,44.07,24.81,2717,Aceptable,3942,155,3.93,"Casco de vaca, pata de vaca, pata de buey | Pino colombiano, pino chaquiro, chaquiro, pino, pino de montaña, pino romerón | Suribio, chíparo, achil, payandé, playero"
2024,T2_May-Ago,2024_T2_May-Ago,Corregimiento de Santa Elena,1,MED-SELE,Medellín - Santa Elena,7.58,6.54,42.3,18.39,2505,Aceptable,4093,219,5.35,"Carbonero flor roja, carbonero, clavellino | Pino colombiano, pino chaquiro, chaquiro, pino, pino de montaña, pino romerón"
2024,T2_May-Ago,2024_T2_May-Ago,El Poblado,2,MED-CES | MED-TESO,I.E. INEM sede Santa Catalina | Universidad CES,11.86,10.86,45.89,23.76,5552,Aceptable,2209,42,1.9,"Casco de vaca, pata de vaca, pata de buey | Pino colombiano, pino chaquiro, chaquiro, pino, pino de montaña, pino romerón | Suribio, chíparo, achil, payandé, playero"
2024,T2_May-Ago,2024_T2_May-Ago,Guayabal,1,MED-PROV,Almacén General de EPM,14.75,13.0,53.0,30.0,2702,Aceptable,4123,81,1.96,"Carbonero flor roja, carbonero, clavellino | Casco de vaca, pata de vaca, pata de buey | Guamo macheto, guamo, guamo machete | Suribio, chíparo, achil, payandé, playero"
2024,T2_May-Ago,2024_T2_May-Ago,La América,1,MED-BEME,I.E. Pedro Justo Berrío,17.27,15.55,72.35,37.33,2734,Moderada,2588,140,5.41,"Carbonero flor roja, carbonero, clavellino | Casco de vaca, pata de vaca, pata de buey | Pino colombiano, pino chaquiro, chaquiro, pino, pino de montaña, pino romerón | Suribio, chíparo, achil, payandé, playero"
2024,T2_May-Ago,2024_T2_May-Ago,La Candelaria,1,CEN-TRAF,Estación Tráfico Centro,24.3,24.0,71.0,42.0,2837,Moderada,7294,320,4.39,"Carbonero flor roja, carbonero, clavellino | Casco de vaca, pata de vaca, pata de buey | Suribio, chíparo, achil, payandé, playero"
2024,T2_May-Ago,2024_T2_May-Ago,Robledo,1,MED-PBLQ,Tomás Carrasquilla - La Quintana,13.25,12.0,46.0,27.0,2846,Aceptable,4398,154,3.5,"Carbonero flor roja, carbonero, clavellino | Casco de vaca, pata de vaca, pata de buey | Pino colombiano, pino chaquiro, chaquiro, pino, pino de montaña, pino romerón | Suribio, chíparo, achil, payandé, playero"
2024,T2_May-Ago,2024_T2_May-Ago,Santa Cruz,1,MED-ARAN,I.E. Ciro Mendía,15.15,14.27,48.41,28.06,2798,Moderada,4343,118,2.72,"Carbonero flor roja, carbonero, clavellino | Casco de vaca, pata de vaca, pata de buey | Pino colombiano, pino chaquiro, chaquiro, pino, pino de montaña, pino romerón | Suribio, chíparo, achil, payandé, playero"
2024,T2_May-Ago,2024_T2_May-Ago,Villa Hermosa,1,MED-VILL,Planta de agua potable de EPM,13.16,12.17,45.54,26.67,2621,Aceptable,3615,118,3.26,"Casco de vaca, pata de vaca, pata de buey | Guamo macheto, guamo, guamo machete | Pino colombiano, pino chaquiro, chaquiro, pino, pino de montaña, pino romerón | Suribio, chíparo, achil, payandé, playero"
2024,T3_Sep-Dic,2024_T3_Sep-Dic,Belén,1,MED-ALTA,I.E. Pedro Octavio Amado,22.34,21.19,84.96,42.98,2548,Moderada,3259,101,3.1,"Carbonero flor roja, carbonero, clavellino | Casco de vaca, pata de vaca, pata de buey | Guamo macheto, guamo, guamo machete | Pino colombiano, pino chaquiro, chaquiro, pino, pino de montaña, pino romerón | Suribio, chíparo, achil, payandé, playero"
2024,T3_Sep-Dic,2024_T3_Sep-Dic,Castilla,1,MED-FISC,Fiscalía General de la Nación,20.23,19.0,79.0,35.0,2247,Moderada,3077,62,2.01,"Casco de vaca, pata de vaca, pata de buey | Guamo macheto, guamo, guamo machete | Pino colombiano, pino chaquiro, chaquiro, pino, pino de montaña, pino romerón | Suribio, chíparo, achil, payandé, playero"
2024,T3_Sep-Dic,2024_T3_Sep-Dic,Corregimiento de San Cristóbal,1,MED-SCRI,Parque Biblioteca Fernando Botero,14.27,13.34,59.46,27.82,2798,Aceptable,3942,155,3.93,"Casco de vaca, pata de vaca, pata de buey | Pino colombiano, pino chaquiro, chaquiro, pino, pino de montaña, pino romerón | Suribio, chíparo, achil, payandé, playero"
2024,T3_Sep-Dic,2024_T3_Sep-Dic,Corregimiento de Santa Elena,1,MED-SELE,Medellín - Santa Elena,8.49,6.64,90.6,20.01,2554,Aceptable,4093,219,5.35,"Carbonero flor roja, carbonero, clavellino | Pino colombiano, pino chaquiro, chaquiro, pino, pino de montaña, pino romerón"
2024,T3_Sep-Dic,2024_T3_Sep-Dic,El Poblado,2,MED-CES | MED-TESO,I.E. INEM sede Santa Catalina | Universidad CES,12.93,12.23,153.22,26.06,5449,Aceptable,2209,42,1.9,"Casco de vaca, pata de vaca, pata de buey | Pino colombiano, pino chaquiro, chaquiro, pino, pino de montaña, pino romerón | Suribio, chíparo, achil, payandé, playero"
2024,T3_Sep-Dic,2024_T3_Sep-Dic,Guayabal,1,MED-PROV,Almacén General de EPM,16.52,15.0,107.0,33.0,2629,Moderada,4123,81,1.96,"Carbonero flor roja, carbonero, clavellino | Casco de vaca, pata de vaca, pata de buey | Guamo macheto, guamo, guamo machete | Suribio, chíparo, achil, payandé, playero"
2024,T3_Sep-Dic,2024_T3_Sep-Dic,La América,1,MED-BEME,I.E. Pedro Justo Berrío,20.64,19.62,85.1,41.37,2804,Moderada,2588,140,5.41,"Carbonero flor roja, carbonero, clavellino | Casco de vaca, pata de vaca, pata de buey | Pino colombiano, pino chaquiro, chaquiro, pino, pino de montaña, pino romerón | Suribio, chíparo, achil, payandé, playero"
2024,T3_Sep-Dic,2024_T3_Sep-Dic,La Candelaria,1,CEN-TRAF,Estación Tráfico Centro,26.17,26.0,122.0,44.0,2799,Dañina sensibles,7294,320,4.39,"Carbonero flor roja, carbonero, clavellino | Casco de vaca, pata de vaca, pata de buey | Suribio, chíparo, achil, payandé, playero"
2024,T3_Sep-Dic,2024_T3_Sep-Dic,Robledo,1,MED-PBLQ,Tomás Carrasquilla - La Quintana,15.72,15.0,88.0,30.0,2893,Moderada,4398,154,3.5,"Carbonero flor roja, carbonero, clavellino | Casco de vaca, pata de vaca, pata de buey | Pino colombiano, pino chaquiro, chaquiro, pino, pino de montaña, pino romerón | Suribio, chíparo, achil, payandé, playero"
2024,T3_Sep-Dic,2024_T3_Sep-Dic,Santa Cruz,1,MED-ARAN,I.E. Ciro Mendía,17.41,16.63,128.92,31.73,2709,Moderada,4343,118,2.72,"Carbonero flor roja, carbonero, clavellino | Casco de vaca, pata de vaca, pata de buey | Pino colombiano, pino chaquiro, chaquiro, pino, pino de montaña, pino romerón | Suribio, chíparo, achil, payandé, playero"
2024,T3_Sep-Dic,2024_T3_Sep-Dic,Villa Hermosa,1,MED-VILL,Planta de agua potable de EPM,15.07,14.3,83.25,29.91,2705,Moderada,3615,118,3.26,"Casco de vaca, pata de vaca, pata de buey | Guamo macheto, guamo, guamo machete | Pino colombiano, pino chaquiro, chaquiro, pino, pino de montaña, pino romerón | Suribio, chíparo, achil, payandé, playero"
2025,T1_Ene-Abr,2025_T1_Ene-Abr,Belén,1,MED-ALTA,I.E. Pedro Octavio Amado,23.05,22.48,117.83,40.47,2662,Moderada,3259,101,3.1,"Carbonero flor roja, carbonero, clavellino | Casco de vaca, pata de vaca, pata de buey | Guamo macheto, guamo, guamo machete | Pino colombiano, pino chaquiro, chaquiro, pino, pino de montaña, pino romerón | Suribio, chíparo, achil, payandé, playero"
2025,T1_Ene-Abr,2025_T1_Ene-Abr,Castilla,1,MED-FISC,Fiscalía General de la Nación,20.6,20.0,76.0,36.0,2817,Moderada,3077,62,2.01,"Casco de vaca, pata de vaca, pata de buey | Guamo macheto, guamo, guamo machete | Pino colombiano, pino chaquiro, chaquiro, pino, pino de montaña, pino romerón | Suribio, chíparo, achil, payandé, playero"
2025,T1_Ene-Abr,2025_T1_Ene-Abr,Corregimiento de San Cristóbal,1,MED-SCRI,Parque Biblioteca Fernando Botero,16.8,15.87,94.51,30.35,2558,Moderada,3942,155,3.93,"Casco de vaca, pata de vaca, pata de buey | Pino colombiano, pino chaquiro, chaquiro, pino, pino de montaña, pino romerón | Suribio, chíparo, achil, payandé, playero"
2025,T1_Ene-Abr,2025_T1_Ene-Abr,Corregimiento de Santa Elena,1,MED-SELE,Medellín - Santa Elena,9.29,7.98,56.23,19.69,2608,Aceptable,4093,219,5.35,"Carbonero flor roja, carbonero, clavellino | Pino colombiano, pino chaquiro, chaquiro, pino, pino de montaña, pino romerón"
2025,T1_Ene-Abr,2025_T1_Ene-Abr,El Poblado,2,MED-CES | MED-TESO,I.E. INEM sede Santa Catalina | Universidad CES,14.1,13.12,62.71,27.74,5515,Aceptable,2209,42,1.9,"Casco de vaca, pata de vaca, pata de buey | Pino colombiano, pino chaquiro, chaquiro, pino, pino de montaña, pino romerón | Suribio, chíparo, achil, payandé, playero"
2025,T1_Ene-Abr,2025_T1_Ene-Abr,Guayabal,1,MED-PROV,Almacén General de EPM,19.05,18.0,66.0,37.0,2731,Moderada,4123,81,1.96,"Carbonero flor roja, carbonero, clavellino | Casco de vaca, pata de vaca, pata de buey | Guamo macheto, guamo, guamo machete | Suribio, chíparo, achil, payandé, playero"
2025,T1_Ene-Abr,2025_T1_Ene-Abr,La América,1,MED-BEME,I.E. Pedro Justo Berrío,20.4,19.08,75.13,39.45,2736,Moderada,2588,140,5.41,"Carbonero flor roja, carbonero, clavellino | Casco de vaca, pata de vaca, pata de buey | Pino colombiano, pino chaquiro, chaquiro, pino, pino de montaña, pino romerón | Suribio, chíparo, achil, payandé, playero"
2025,T1_Ene-Abr,2025_T1_Ene-Abr,La Candelaria,1,CEN-TRAF,Estación Tráfico Centro,27.76,27.0,85.0,47.0,2657,Dañina sensibles,7294,320,4.39,"Carbonero flor roja, carbonero, clavellino | Casco de vaca, pata de vaca, pata de buey | Suribio, chíparo, achil, payandé, playero"
2025,T1_Ene-Abr,2025_T1_Ene-Abr,Robledo,1,MED-PBLQ,Tomás Carrasquilla - La Quintana,17.08,16.0,106.0,32.0,2822,Moderada,4398,154,3.5,"Carbonero flor roja, carbonero, clavellino | Casco de vaca, pata de vaca, pata de buey | Pino colombiano, pino chaquiro, chaquiro, pino, pino de montaña, pino romerón | Suribio, chíparo, achil, payandé, playero"
2025,T1_Ene-Abr,2025_T1_Ene-Abr,Santa Cruz,1,MED-ARAN,I.E. Ciro Mendía,18.96,18.0,194.76,33.05,2781,Moderada,4343,118,2.72,"Carbonero flor roja, carbonero, clavellino | Casco de vaca, pata de vaca, pata de buey | Pino colombiano, pino chaquiro, chaquiro, pino, pino de montaña, pino romerón | Suribio, chíparo, achil, payandé, playero"
2025,T1_Ene-Abr,2025_T1_Ene-Abr,Villa Hermosa,1,MED-VILL,Planta de agua potable de EPM,16.47,15.53,170.21,31.24,2711,Moderada,3615,118,3.26,"Casco de vaca, pata de vaca, pata de buey | Guamo macheto, guamo, guamo machete | Pino colombiano, pino chaquiro, chaquiro, pino, pino de montaña, pino romerón | Suribio, chíparo, achil, payandé, playero"
2025,T2_May-Ago,2025_T2_May-Ago,Belén,1,MED-ALTA,I.E. Pedro Octavio Amado,16.44,15.51,55.67,32.88,2548,Moderada,3259,101,3.1,"Carbonero flor roja, carbonero, clavellino | Casco de vaca, pata de vaca, pata de buey | Guamo macheto, guamo, guamo machete | Pino colombiano, pino chaquiro, chaquiro, pino, pino de montaña, pino romerón | Suribio, chíparo, achil, payandé, playero"
2025,T2_May-Ago,2025_T2_May-Ago,Castilla,1,MED-FISC,Fiscalía General de la Nación,12.33,11.0,58.0,27.0,2789,Aceptable,3077,62,2.01,"Casco de vaca, pata de vaca, pata de buey | Guamo macheto, guamo, guamo machete | Pino colombiano, pino chaquiro, chaquiro, pino, pino de montaña, pino romerón | Suribio, chíparo, achil, payandé, playero"
2025,T2_May-Ago,2025_T2_May-Ago,Corregimiento de San Cristóbal,1,MED-SCRI,Parque Biblioteca Fernando Botero,12.54,11.34,50.06,24.68,2821,Aceptable,3942,155,3.93,"Casco de vaca, pata de vaca, pata de buey | Pino colombiano, pino chaquiro, chaquiro, pino, pino de montaña, pino romerón | Suribio, chíparo, achil, payandé, playero"
2025,T2_May-Ago,2025_T2_May-Ago,Corregimiento de Santa Elena,1,MED-SELE,Medellín - Santa Elena,5.85,5.17,35.04,15.51,2469,Aceptable,4093,219,5.35,"Carbonero flor roja, carbonero, clavellino | Pino colombiano, pino chaquiro, chaquiro, pino, pino de montaña, pino romerón"
2025,T2_May-Ago,2025_T2_May-Ago,El Poblado,2,MED-CES | MED-TESO,I.E. INEM sede Santa Catalina | Universidad CES,10.14,9.26,52.8,22.07,5324,Aceptable,2209,42,1.9,"Casco de vaca, pata de vaca, pata de buey | Pino colombiano, pino chaquiro, chaquiro, pino, pino de montaña, pino romerón | Suribio, chíparo, achil, payandé, playero"
2025,T2_May-Ago,2025_T2_May-Ago,Guayabal,1,MED-PROV,Almacén General de EPM,15.05,13.0,50.0,31.0,2558,Moderada,4123,81,1.96,"Carbonero flor roja, carbonero, clavellino | Casco de vaca, pata de vaca, pata de buey | Guamo macheto, guamo, guamo machete | Suribio, chíparo, achil, payandé, playero"
2025,T2_May-Ago,2025_T2_May-Ago,La América,1,MED-BEME,I.E. Pedro Justo Berrío,16.42,15.39,54.85,34.14,2805,Moderada,2588,140,5.41,"Carbonero flor roja, carbonero, clavellino | Casco de vaca, pata de vaca, pata de buey | Pino colombiano, pino chaquiro, chaquiro, pino, pino de montaña, pino romerón | Suribio, chíparo, achil, payandé, playero"
2025,T2_May-Ago,2025_T2_May-Ago,La Candelaria,1,CEN-TRAF,Estación Tráfico Centro,20.18,19.0,63.0,39.0,2777,Moderada,7294,320,4.39,"Carbonero flor roja, carbonero, clavellino | Casco de vaca, pata de vaca, pata de buey | Suribio, chíparo, achil, payandé, playero"
2025,T2_May-Ago,2025_T2_May-Ago,Robledo,1,MED-PBLQ,Tomás Carrasquilla - La Quintana,12.65,11.0,48.0,27.0,2890,Aceptable,4398,154,3.5,"Carbonero flor roja, carbonero, clavellino | Casco de vaca, pata de vaca, pata de buey | Pino colombiano, pino chaquiro, chaquiro, pino, pino de montaña, pino romerón | Suribio, chíparo, achil, payandé, playero"
2025,T2_May-Ago,2025_T2_May-Ago,Santa Cruz,1,MED-ARAN,I.E. Ciro Mendía,13.86,13.01,47.25,26.32,2831,Aceptable,4343,118,2.72,"Carbonero flor roja, carbonero, clavellino | Casco de vaca, pata de vaca, pata de buey | Pino colombiano, pino chaquiro, chaquiro, pino, pino de montaña, pino romerón | Suribio, chíparo, achil, payandé, playero"
2025,T2_May-Ago,2025_T2_May-Ago,Villa Hermosa,1,MED-VILL,Planta de agua potable de EPM,11.21,9.65,49.01,26.25,2586,Aceptable,3615,118,3.26,"Casco de vaca, pata de vaca, pata de buey | Guamo macheto, guamo, guamo machete | Pino colombiano, pino chaquiro, chaquiro, pino, pino de montaña, pino romerón | Suribio, chíparo, achil, payandé, playero"
2025,T3_Sep-Dic,2025_T3_Sep-Dic,Belén,1,MED-ALTA,I.E. Pedro Octavio Amado,18.31,17.63,82.08,34.8,2833,Moderada,3259,101,3.1,"Carbonero flor roja, carbonero, clavellino | Casco de vaca, pata de vaca, pata de buey | Guamo macheto, guamo, guamo machete | Pino colombiano, pino chaquiro, chaquiro, pino, pino de montaña, pino romerón | Suribio, chíparo, achil, payandé, playero"
2025,T3_Sep-Dic,2025_T3_Sep-Dic,Castilla,1,MED-FISC,Fiscalía General de la Nación,16.59,15.0,123.0,36.0,2536,Moderada,3077,62,2.01,"Casco de vaca, pata de vaca, pata de buey | Guamo macheto, guamo, guamo machete | Pino colombiano, pino chaquiro, chaquiro, pino, pino de montaña, pino romerón | Suribio, chíparo, achil, payandé, playero"
2025,T3_Sep-Dic,2025_T3_Sep-Dic,Corregimiento de San Cristóbal,1,MED-SCRI,Parque Biblioteca Fernando Botero,14.23,13.3,65.06,26.97,2729,Aceptable,3942,155,3.93,"Casco de vaca, pata de vaca, pata de buey | Pino colombiano, pino chaquiro, chaquiro, pino, pino de montaña, pino romerón | Suribio, chíparo, achil, payandé, playero"
2025,T3_Sep-Dic,2025_T3_Sep-Dic,Corregimiento de Santa Elena,1,MED-SELE,Medellín - Santa Elena,7.27,6.45,93.49,18.35,2630,Aceptable,4093,219,5.35,"Carbonero flor roja, carbonero, clavellino | Pino colombiano, pino chaquiro, chaquiro, pino, pino de montaña, pino romerón"
2025,T3_Sep-Dic,2025_T3_Sep-Dic,El Poblado,2,MED-CES | MED-TESO,I.E. INEM sede Santa Catalina | Universidad CES,12.11,11.32,55.53,24.42,5428,Aceptable,2209,42,1.9,"Casco de vaca, pata de vaca, pata de buey | Pino colombiano, pino chaquiro, chaquiro, pino, pino de montaña, pino romerón | Suribio, chíparo, achil, payandé, playero"
2025,T3_Sep-Dic,2025_T3_Sep-Dic,Guayabal,1,MED-PROV,Almacén General de EPM,16.65,16.0,69.0,34.0,2684,Moderada,4123,81,1.96,"Carbonero flor roja, carbonero, clavellino | Casco de vaca, pata de vaca, pata de buey | Guamo macheto, guamo, guamo machete | Suribio, chíparo, achil, payandé, playero"
2025,T3_Sep-Dic,2025_T3_Sep-Dic,La América,1,MED-BEME,I.E. Pedro Justo Berrío,18.1,16.66,178.85,36.89,2641,Moderada,2588,140,5.41,"Carbonero flor roja, carbonero, clavellino | Casco de vaca, pata de vaca, pata de buey | Pino colombiano, pino chaquiro, chaquiro, pino, pino de montaña, pino romerón | Suribio, chíparo, achil, payandé, playero"
2025,T3_Sep-Dic,2025_T3_Sep-Dic,La Candelaria,1,CEN-TRAF,Estación Tráfico Centro,23.69,23.0,84.0,44.0,2816,Moderada,7294,320,4.39,"Carbonero flor roja, carbonero, clavellino | Casco de vaca, pata de vaca, pata de buey | Suribio, chíparo, achil, payandé, playero"
2025,T3_Sep-Dic,2025_T3_Sep-Dic,Robledo,1,MED-PBLQ,Tomás Carrasquilla - La Quintana,16.23,14.5,83.0,32.0,2800,Moderada,4398,154,3.5,"Carbonero flor roja, carbonero, clavellino | Casco de vaca, pata de vaca, pata de buey | Pino colombiano, pino chaquiro, chaquiro, pino, pino de montaña, pino romerón | Suribio, chíparo, achil, payandé, playero"
2025,T3_Sep-Dic,2025_T3_Sep-Dic,Santa Cruz,1,MED-ARAN,I.E. Ciro Mendía,16.02,14.35,129.29,31.57,2748,Moderada,4343,118,2.72,"Carbonero flor roja, carbonero, clavellino | Casco de vaca, pata de vaca, pata de buey | Pino colombiano, pino chaquiro, chaquiro, pino, pino de montaña, pino romerón | Suribio, chíparo, achil, payandé, playero"
2025,T3_Sep-Dic,2025_T3_Sep-Dic,Villa Hermosa,1,MED-VILL,Planta de agua potable de EPM,14.23,13.13,72.07,29.59,2638,Aceptable,3615,118,3.26,"Casco de vaca, pata de vaca, pata de buey | Guamo macheto, guamo, guamo machete | Pino colombiano, pino chaquiro, chaquiro, pino, pino de montaña, pino romerón | Suribio, chíparo, achil, payandé, playero"
